{
  "IsEncrypted": false,
  "Values": {
    "FUNCTIONS_WORKER_RUNTIME": "dotnet",
    "AzureWebJobsStorage": "UseDevelopmentStorage=true",
    "AzureWebJobsDashboard": "UseDevelopmentStorage=true",
    "EventHubsConnectionString": "Endpoint=sb://dmsstestingest.servicebus.windows.net/;SharedAccessKeyName=RootManageSharedAccessKey;SharedAccessKey=npm3+0kXM5ggvgHOD+Ryrxd1Pa9Pd0ykW9ysSNO5xjU=",
    "EventHubName": "dmsstestingest-2",
    "ConsumerGroup": "cosmos",
    "CosmosDBDatabaseName": "streaming",
    "CosmosDBCollectionName": "rawdata",
    "CosmosDBConnectionString": "AccountEndpoint=https://dmsstestcosmosdb.documents.azure.com:443/;AccountKey=KZVqw2Zyf2BMD3FH4RAcczXiVXdiFImvEoFeRhPquEIfW3CDf2AB0KElQZNFlB4iIJxo7IYgJACeHJv4ciNGvw==;"
  }
}